Id,OrderNumber,TotalPrice,OrderDate
1,7092B1EEB8,478.14000,2021-06-15 16:35:59.473
2,710D260CA6,87.50000,2021-12-14 16:35:59.473
3,301B530A29,66.93000,2022-03-25 16:35:59.473
4,6EF9076470,313.69000,2021-10-04 16:35:59.473
5,533FCC11F8,145.79000,2021-05-09 16:35:59.473
6,F825872665,119.63000,2021-11-12 16:35:59.473
7,31F1B2D667,15.68900,2022-02-14 16:35:59.473
8,FBB9757921,17.43000,2021-04-18 16:35:59.473
9,3BBCBBB514,179.95000,2021-11-11 16:35:59.473
10,D35757BA4F,129.70000,2021-12-29 16:35:59.473
11,88F8EC7E58,44.32000,2021-01-15 16:35:59.473
12,F2FFCF3F34,146.18000,2021-09-03 16:35:59.473
13,F2E5B18B11,33.03000,2021-10-20 16:35:59.473
14,BB73C492DE,10.58000,2022-02-14 16:35:59.473
15,02C2D87D97,112.40000,2022-01-29 16:35:59.473
16,56443B455C,200.25000,2022-02-10 16:35:59.473
17,AC34481C5E,7.49000,2021-07-28 16:35:59.473
18,22C2AC1744,48.93000,2021-01-09 16:35:59.473
19,7A012A08C3,7.56000,2021-01-20 16:35:59.473
20,99D535AD60,66.14400,2021-04-28 16:35:59.473
21,8EDA20207D,114.24000,2022-01-18 16:35:59.473
22,3F0204023E,23.74000,2021-10-24 16:35:59.473
23,13905FB254,73.43000,2021-01-31 16:35:59.473
24,8D8D9AD8B3,1313.85000,2022-03-14 16:35:59.473
25,C9669F938C,36.26000,2021-10-06 16:35:59.473
26,C3D9F4BD23,142.71000,2022-03-09 16:35:59.473
27,F18A50BB34,176.05000,2021-02-23 16:35:59.473
28,8C6F06BB3E,208.58000,2021-10-30 16:35:59.473
29,5766FCCEE7,148.35000,2021-11-13 16:35:59.473
30,7913ADA9A9,15.87000,2021-09-09 16:35:59.473
31,E29CC9A22D,115.73900,2021-11-24 16:35:59.473
32,A338717CC4,65.33000,2021-09-16 16:35:59.473
33,289B31B75B,11.38000,2022-02-18 16:35:59.473
34,E5597BDAD3,49.46600,2022-01-29 16:35:59.473
35,49402AF4F6,111.00000,2021-11-25 16:35:59.473
36,08A0A0E3AB,286.35000,2021-02-02 16:35:59.473
37,DB1CABAECD,997.85000,2021-02-02 16:35:59.473
38,4B1C7EF906,85.39000,2021-12-21 16:35:59.473
39,1709DC0ECE,1.24000,2021-02-16 16:35:59.473
40,D9C8069C41,269.14000,2021-07-09 16:35:59.473
41,A4A6CDFD2A,114.06000,2021-01-27 16:35:59.473
42,6D461BBE50,33.18000,2021-12-02 16:35:59.473
43,BDD6E1A21C,29.19000,2021-06-16 16:35:59.473
44,EF17886754,82.88000,2021-06-16 16:35:59.473
45,BA2D1441C2,309.98000,2022-03-16 16:35:59.473
46,48376A5058,70.76000,2022-01-14 16:35:59.473
47,50F92D675A,156.00000,2021-11-21 16:35:59.473
48,711B748515,13.31700,2021-06-17 16:35:59.473
49,8CB11737FC,180.75000,2021-04-19 16:35:59.473
50,A9FC46DCA0,66.36000,2021-12-28 16:35:59.473
51,F8FAD3286F,4.74000,2022-01-03 16:35:59.473
52,0B1A5F3DB1,3.75000,2021-04-09 16:35:59.473
53,56AA84B4ED,273.10000,2021-12-27 16:35:59.473
54,BB6B8D199D,40.47000,2021-03-18 16:35:59.473
55,4AA3D2C7B2,260.63400,2022-02-03 16:35:59.473
56,88C307ACA0,131.20000,2021-07-21 16:35:59.473
57,8F1E02F195,65.10000,2021-09-19 16:35:59.473
58,B2516DFC5D,232.70000,2021-02-01 16:35:59.473
59,73F9228730,183.70000,2021-04-07 16:35:59.473
60,EF29BFD9E3,39.09000,2022-02-14 16:35:59.473
61,5805AA0096,567.14000,2021-10-03 16:35:59.473
62,AD1C00EA9D,6.58000,2021-12-10 16:35:59.473
63,10FAE7B35F,29.99000,2021-07-20 16:35:59.473
64,314ED32EF9,206.52000,2022-03-31 16:35:59.473
65,ADFE10BCDC,7.98000,2021-08-19 16:35:59.473
66,3E64545202,50.00000,2021-05-22 16:35:59.473
67,F873FFA2E2,153.91000,2021-05-04 16:35:59.473
68,8B95ADB850,87.83000,2022-01-20 16:35:59.473
69,933A849B9A,41.93000,2021-11-19 16:35:59.473
70,CE2B440797,37.96000,2022-03-20 16:35:59.473
71,8A0F15DB40,7.49000,2021-12-09 16:35:59.473
72,C2A7069E94,17.69000,2021-04-29 16:35:59.473
73,7020E492CE,222.00000,2021-11-13 16:35:59.473
74,462D77240E,178.76000,2021-10-28 16:35:59.473
75,575E477483,17.97000,2021-04-18 16:35:59.473
76,3A983B53B1,210.03000,2021-04-27 16:35:59.473
77,41C4C85B08,52.71000,2021-07-22 16:35:59.473
78,AA5818CC61,116.45000,2022-03-14 16:35:59.473
79,A2EF36E6A3,150.17000,2021-05-15 16:35:59.473
80,7B2BCA692C,67.20000,2021-01-28 16:35:59.473
81,C86491EF76,473.46000,2021-12-28 16:35:59.473
82,1B7591A83F,21.82800,2021-09-11 16:35:59.473
83,123AA8DC8D,484.20000,2021-10-18 16:35:59.473
84,54573F31D7,44.80000,2021-11-22 16:35:59.473
85,60FDEA5A85,51.65000,2021-06-01 16:35:59.473
86,0E4B85E87D,173.85000,2021-11-20 16:35:59.473
87,8C9FA9C449,165.06000,2022-01-14 16:35:59.473
88,FE70CF784F,244.29000,2021-11-27 16:35:59.473
89,11A9110E96,14.98000,2021-07-17 16:35:59.473
90,C5C1A575FF,286.13000,2021-01-23 16:35:59.473
91,8DBC936B8C,42.75000,2021-08-28 16:35:59.473
92,01644D7C8A,156.80000,2021-07-26 16:35:59.473
93,B777E4EB66,31.50000,2021-06-18 16:35:59.473
94,26E75E41D6,134.89000,2021-01-14 16:35:59.473
95,CF869890C9,333.13000,2021-07-24 16:35:59.473
96,F9BECC510A,397.10000,2022-03-30 16:35:59.473
97,B3C154D1D5,17.69000,2021-10-13 16:35:59.473
98,DAC09DBBC5,53.24900,2021-05-14 16:35:59.473
99,37D47E9667,71.05000,2022-03-11 16:35:59.473
100,C00CC0D284,234.55000,2021-09-12 16:35:59.473
101,2C76B30C32,176.62000,2021-01-09 16:35:59.473
102,03DE6E5558,200.25000,2021-12-19 16:35:59.473
103,9BE17769DE,162.75000,2021-03-30 16:35:59.473
104,34B844FE13,66.43000,2021-03-27 16:35:59.473
105,39B63DBCC9,94.88000,2021-08-10 16:35:59.473
106,19D77DB301,17.07000,2022-01-30 16:35:59.473
107,DE936B26B3,504.59000,2021-10-02 16:35:59.473
108,44986B67C5,51.39000,2021-08-22 16:35:59.473
109,169E4A79FB,699.24000,2022-01-14 16:35:59.473
110,58E953EAE6,370.00000,2021-02-13 16:35:59.473
111,308085FA7D,119.49000,2021-01-29 16:35:59.473
112,02A7038607,65.86000,2021-01-31 16:35:59.473
113,5F96493EB3,134.95000,2021-02-21 16:35:59.473
114,F8E98E8DA8,17.07000,2021-02-04 16:35:59.473
115,5A72D658DC,201.87000,2022-02-14 16:35:59.473
116,3BD82DA426,5.55000,2021-04-24 16:35:59.473
117,148835DC3F,83.60000,2021-05-20 16:35:59.473
118,25D477FB2F,3.75000,2021-07-11 16:35:59.473
119,A1DD9F1918,43.11000,2021-08-29 16:35:59.473
120,0D87A2947B,278.94000,2021-03-04 16:35:59.473
121,5EAE80922F,551.40000,2021-07-04 16:35:59.473
122,32B457CAAF,13.16000,2021-04-08 16:35:59.473
123,842871374A,8.87800,2022-01-16 16:35:59.473
124,3A4A18E2C8,13.98000,2021-02-03 16:35:59.473
125,813D826797,74.99000,2021-05-05 16:35:59.473
126,941401DD1A,344.94000,2021-09-02 16:35:59.473
127,808297E885,147.82000,2021-02-25 16:35:59.473
128,3AE9A0C44E,1.24000,2021-09-25 16:35:59.473
129,3C41CA53C1,314.30000,2021-05-26 16:35:59.473
130,5D7F21767F,193.00000,2022-01-16 16:35:59.473
131,4A43106556,418.40000,2021-07-18 16:35:59.473
132,93B09747AD,11.04000,2021-02-18 16:35:59.473
133,DAC522A5E1,317.25000,2022-03-06 16:35:59.473
134,A22F51EF5C,20.97000,2021-08-31 16:35:59.473
135,3D2A2F8C87,28.45000,2021-06-16 16:35:59.473
136,52D1160A27,15.96000,2021-08-10 16:35:59.473
137,D370EB990F,305.20000,2021-08-09 16:35:59.473
138,CDF50AE7AA,40.25600,2021-09-11 16:35:59.473
139,44F3AAEFBE,224.40000,2022-03-21 16:35:59.473
140,FD94A741AD,507.43000,2021-02-04 16:35:59.473
141,B555542D2F,583.75000,2022-01-10 16:35:59.473
142,203D9349AC,131.68000,2021-02-21 16:35:59.473
143,20391F9301,109.42000,2021-07-13 16:35:59.473
144,8D02C3C64D,35.00000,2021-11-10 16:35:59.473
145,3C5083349F,142.27000,2022-03-26 16:35:59.473
146,A25C9D528B,120.39000,2022-02-12 16:35:59.473
147,96E5076AF4,224.08000,2021-08-22 16:35:59.473
148,B638D5FCD6,154.45000,2021-05-12 16:35:59.473
149,29A6DCB2D9,100.00000,2021-04-06 16:35:59.473
150,44D6F94545,182.98000,2021-11-20 16:35:59.473
151,D9452C200C,59.79000,2021-05-12 16:35:59.473
152,53E4B52BD4,39.43900,2021-10-14 16:35:59.473
153,8C2663000D,353.49000,2022-02-09 16:35:59.473
154,EE77145080,103.00000,2021-11-16 16:35:59.473
155,89252653E3,41.94000,2021-08-28 16:35:59.473
156,C6DE06DF1F,264.95000,2021-04-26 16:35:59.473
157,9AACF8AB5A,38.85000,2021-04-28 16:35:59.473
158,75FD74ABF0,58.03000,2022-01-10 16:35:59.473
159,8E74D5A34B,118.00000,2021-12-29 16:35:59.473
160,95CFF068F4,22.40000,2021-06-01 16:35:59.473
161,158D3FE154,112.00000,2022-04-01 16:35:59.473
162,4B6A39E267,245.43000,2021-06-23 16:35:59.473
163,269F574395,140.00000,2021-07-31 16:35:59.473
164,7416A55F4A,7.77000,2021-12-04 16:35:59.473
165,AA37E7CB5C,17.07000,2021-08-14 16:35:59.473
166,67D33828A3,34.35000,2021-07-16 16:35:59.473
167,D3EF1190D6,30.34000,2022-01-10 16:35:59.473
168,5512CE08DD,139.74000,2022-02-28 16:35:59.473
169,252102C9B4,356.19000,2021-10-16 16:35:59.473
170,35AB89E00F,34.14000,2022-01-26 16:35:59.473
171,FBFA8A4DEF,228.70000,2022-02-10 16:35:59.473
172,B4E82F822E,171.03000,2021-11-14 16:35:59.473
173,56787E3E49,119.69000,2021-11-21 16:35:59.473
174,46F126FB34,134.43000,2021-03-24 16:35:59.473
175,112E93ED95,46.81000,2021-05-16 16:35:59.473
176,23E30DA9BA,150.71000,2021-07-19 16:35:59.473
177,102E2EDA70,355.12000,2021-06-14 16:35:59.473
178,CFCA277B5A,410.65000,2021-05-23 16:35:59.473
179,41A8D6D4EE,14.98000,2021-03-18 16:35:59.473
180,CF8180BDAC,159.54000,2021-11-21 16:35:59.473
181,58AA222308,33.30000,2021-07-13 16:35:59.473
182,E578FD8690,186.43000,2022-02-01 16:35:59.473
183,61B0B95E96,453.87000,2021-06-03 16:35:59.473
184,EE96B33AFA,10.58000,2021-09-30 16:35:59.473
185,8B482CDD63,94.67000,2022-02-17 16:35:59.473
186,6BCF7D4E24,60.00000,2021-12-12 16:35:59.473
187,D6B655EFF0,5.99000,2022-01-09 16:35:59.473
188,906FC3F69F,119.96000,2021-08-08 16:35:59.473
189,1DF9EDC77D,38.57300,2021-11-02 16:35:59.473
190,175020A6C9,162.50300,2021-10-09 16:35:59.473
191,E0991EDE98,88.45000,2021-06-26 16:35:59.473
192,42D6ADE4F5,299.97000,2022-02-21 16:35:59.473
193,37D21E0F66,74.00000,2021-10-02 16:35:59.473
194,1FFF722870,542.32000,2021-08-17 16:35:59.473
195,EB75350F76,184.14000,2021-02-14 16:35:59.473
196,C22DC7BA0B,77.92000,2021-08-25 16:35:59.473
197,2825BF5E05,15.93000,2022-02-23 16:35:59.473
198,EDB0959A07,2.17000,2022-02-13 16:35:59.473
199,B3859FCA27,454.16000,2021-08-08 16:35:59.473
200,21A89386CB,201.81000,2022-02-27 16:35:59.473
201,C7F4638F4C,93.78000,2021-12-29 16:35:59.473
202,E6DEEEF5BB,13.23000,2021-12-01 16:35:59.473
203,8544DFEAA9,53.96000,2021-03-09 16:35:59.473
204,FB106F360D,242.38000,2021-06-24 16:35:59.473
205,DF8C783F04,239.88000,2021-03-14 16:35:59.473
206,B2BB10C907,343.52000,2021-04-26 16:35:59.473
207,03DA971D84,244.47000,2022-03-27 16:35:59.473
208,52316C9514,488.43000,2021-03-24 16:35:59.473
209,4044C132FE,195.30000,2021-04-13 16:35:59.473
210,63F04AD2D0,220.46000,2021-08-13 16:35:59.473
211,CE3BF496E7,26.45000,2022-01-23 16:35:59.473
212,7C564FAC9E,363.36000,2022-02-12 16:35:59.473
213,B4BB821A26,135.45000,2022-01-18 16:35:59.473
214,F22C6E95CC,187.41000,2022-03-05 16:35:59.473
215,80B845ABC2,153.69000,2021-09-14 16:35:59.473
216,208650AA7E,65.17000,2021-04-11 16:35:59.473
217,1A599E7D9A,381.23000,2021-03-10 16:35:59.473
218,AAB79DB6A9,26.99000,2021-12-22 16:35:59.473
219,EDC9D42353,9.87000,2022-02-15 16:35:59.473
220,23799FAF2F,71.55000,2022-03-22 16:35:59.473
221,3FFBBACFB4,29.38000,2021-10-15 16:35:59.473
222,E822789F51,26.99000,2021-11-30 16:35:59.473
223,BEAD6BA47F,18.48000,2021-01-06 16:35:59.473
224,EA7DB264BF,22.14000,2022-03-26 16:35:59.473
225,677CC400C4,173.97000,2021-12-12 16:35:59.473
226,207CFBCD7A,506.84000,2022-01-03 16:35:59.473
227,E4B0E8BE13,106.14000,2022-02-05 16:35:59.473
228,BADC952D93,89.97000,2021-04-09 16:35:59.473
229,4079524CEA,71.67000,2022-03-21 16:35:59.473
230,4E45C86E00,27.75000,2021-07-13 16:35:59.473
231,BDB101F5E2,30.56000,2021-01-03 16:35:59.473
232,CD77366F34,28.45000,2021-09-05 16:35:59.473
233,937CED4754,414.71000,2021-03-27 16:35:59.473
234,F4A157793D,88.45000,2021-09-04 16:35:59.473
235,45D6099AEA,250.58000,2021-02-12 16:35:59.473
236,C17585B155,175.00000,2021-02-12 16:35:59.473
237,7C12713E1B,184.35000,2021-04-28 16:35:59.473
238,B8A95A94D0,121.07000,2021-07-22 16:35:59.473
239,3E6844867E,47.03300,2021-02-26 16:35:59.473
240,15860A3E0B,349.14000,2021-05-08 16:35:59.473
241,98F6C46081,29.95000,2021-08-25 16:35:59.473
242,7C6F8A3994,286.00000,2021-12-14 16:35:59.473
243,10519ABAC1,66.43000,2021-07-11 16:35:59.473
244,CDBAFB4DD9,687.73000,2021-03-11 16:35:59.473
245,4486A2098B,13.23000,2021-07-05 16:35:59.473
246,3D0904A4E4,156.00000,2022-02-15 16:35:59.473
247,22F18AB9D2,179.94000,2021-03-06 16:35:59.473
248,3F880936DA,53.91000,2021-12-24 16:35:59.473
249,4DA769CD04,292.19000,2022-01-06 16:35:59.473
250,8E2B56E47B,15.07000,2021-11-05 16:35:59.473
251,95FF04CFD2,210.00000,2021-05-17 16:35:59.473
252,C28ED90564,25.29000,2021-06-09 16:35:59.473
253,946875EAC9,69.20000,2021-05-10 16:35:59.473
254,458A067460,199.37000,2021-09-15 16:35:59.473
255,6A7B82B354,22.65000,2021-03-29 16:35:59.473
256,833B658A91,304.91000,2021-02-17 16:35:59.473
257,0BBE2E8B8A,360.41000,2021-04-01 16:35:59.473
258,4EAC6FA6A7,60.00000,2021-04-01 16:35:59.473
259,B2CFFD16BC,103.52000,2021-11-16 16:35:59.473
260,194E17320B,163.16000,2021-12-06 16:35:59.473
261,BFC14F42F1,5.18000,2021-02-10 16:35:59.473
262,F09E000DBF,9.48000,2021-06-17 16:35:59.473
263,DD537D7949,209.86000,2022-01-19 16:35:59.473
264,86885BDC58,63.88000,2022-02-07 16:35:59.473
265,2FF0DA5F31,193.07000,2021-10-29 16:35:59.473
266,FD6FCB91D7,534.37000,2021-02-22 16:35:59.473
267,9C0F39605F,172.21000,2021-07-23 16:35:59.473
268,778BEE5BE2,235.13000,2021-05-31 16:35:59.473
269,F25903501F,19.74000,2021-10-17 16:35:59.473
270,A2386812B5,22.45000,2021-04-11 16:35:59.473
271,0F5D8203E0,423.00000,2021-02-03 16:35:59.473
272,BF66F36F12,37.45000,2021-11-04 16:35:59.473
273,845FCEED8C,192.17000,2022-03-13 16:35:59.473
274,B42DD087C9,258.91000,2021-01-26 16:35:59.473
275,A5B0D7EEB3,62.94000,2021-07-20 16:35:59.473
276,AA36A41816,112.59000,2021-03-17 16:35:59.473
277,2F1F95D3CC,9.48000,2021-01-26 16:35:59.473
278,6C2984FDB4,29.99000,2021-12-20 16:35:59.473
279,40D10AAA06,71.25000,2022-02-12 16:35:59.473
280,E378C3AF0F,268.45000,2021-10-17 16:35:59.473
281,FDE3C44AAF,169.65000,2021-01-29 16:35:59.473
282,DC4F5A6FF8,39.83000,2021-02-05 16:35:59.473
283,9E384F3C75,30.15000,2021-09-12 16:35:59.473
284,017591646F,133.56000,2021-01-19 16:35:59.473
285,30B494D301,129.98000,2022-01-17 16:35:59.473
286,0232ED8A52,82.88000,2021-07-29 16:35:59.473
287,054824EFC4,258.93000,2022-02-26 16:35:59.473
288,A2444EED96,17.07000,2021-08-31 16:35:59.473
289,4036F6705F,167.63000,2021-03-25 16:35:59.473
290,261DA54C7C,142.68000,2021-11-26 16:35:59.473
291,AB70231610,550.00000,2021-02-01 16:35:59.473
292,614F6FFB2A,200.67000,2021-09-01 16:35:59.473
293,953301B661,36.96000,2021-05-28 16:35:59.473
294,90821C51D4,14.98000,2022-01-17 16:35:59.473
295,3660449193,15.00000,2021-07-31 16:35:59.473
296,3EC3625E6D,39.24000,2021-11-23 16:35:59.473
297,366A2A8620,98.56000,2021-11-08 16:35:59.473
298,FBABFB9D4A,56.54000,2021-04-26 16:35:59.473
299,0FFD94A955,20.60000,2021-05-07 16:35:59.473
300,589793F261,92.36000,2021-06-27 16:35:59.473
301,445DC7B055,185.53000,2021-07-10 16:35:59.473
302,9AA137AF7B,498.47000,2021-08-16 16:35:59.473
303,686D3328D2,88.57000,2022-01-09 16:35:59.473
304,EE4BC4E3B2,67.20000,2021-04-10 16:35:59.473
305,457F5E101A,296.04000,2021-09-02 16:35:59.473
306,4548E5E245,74.00000,2021-10-28 16:35:59.473
307,99FE54376A,39.83000,2021-04-26 16:35:59.473
308,703948ECAC,323.35000,2021-12-10 16:35:59.473
309,584ADEA999,216.75000,2021-11-24 16:35:59.473
310,8D711D50FC,3.75000,2021-03-14 16:35:59.473
311,C5B24FFD6C,262.65000,2022-01-23 16:35:59.473
312,3A61A8DEEF,293.84300,2021-03-29 16:35:59.473
313,74D78426C3,50.59000,2021-01-04 16:35:59.473
314,4BDBFF9FD3,162.59000,2021-05-10 16:35:59.473
315,0FE4A7DA9A,382.15000,2022-02-22 16:35:59.473
316,316E213992,450.20000,2021-10-17 16:35:59.473
317,F767574AD9,41.20000,2021-07-26 16:35:59.473
318,2684D6F676,18.75000,2021-07-06 16:35:59.473
319,E96123E361,349.23000,2021-11-11 16:35:59.473
320,8BB46FAFBA,35.11000,2021-06-16 16:35:59.473
321,BFC1E671DA,3.39000,2021-09-08 16:35:59.473
322,2B76DED360,259.00000,2021-09-22 16:35:59.473
323,8C56C9E553,43.03000,2021-11-26 16:35:59.473
324,4AD6B61E25,91.55000,2022-01-10 16:35:59.473
325,87BFFEAFBF,11.38000,2021-08-23 16:35:59.473
326,E757EF8C52,99.54000,2021-11-25 16:35:59.473
327,1FEC4C96A7,185.90000,2022-03-28 16:35:59.473
328,1EF683B35E,62.94000,2021-07-26 16:35:59.473
329,9E234EF930,95.11000,2022-03-03 16:35:59.473
330,D9914ACAF2,166.29000,2021-10-25 16:35:59.473
331,54C5C33893,337.65000,2021-01-21 16:35:59.473
332,9A10BF9207,25.29000,2021-10-05 16:35:59.473
333,C7DC178F0E,13.31700,2021-07-15 16:35:59.473
334,7BFB6486E2,149.94000,2021-02-25 16:35:59.473
335,CCDA1D9167,164.55000,2022-02-02 16:35:59.473
336,3DAFF62CC9,22.50000,2021-04-01 16:35:59.473
337,BC052FE46D,69.38000,2021-08-03 16:35:59.473
338,5A42B5D5DE,211.25000,2021-06-12 16:35:59.473
339,D2158DB51C,149.53400,2021-03-07 16:35:59.473
340,974340D9CD,240.08000,2021-07-27 16:35:59.473
341,1CD4134D79,8.87800,2021-03-08 16:35:59.473
342,0196C5F78A,59.96000,2021-09-12 16:35:59.473
343,58EA857198,43.01800,2021-12-07 16:35:59.473
344,829E44C6F2,35.38000,2021-09-01 16:35:59.473
345,41B8EFE723,186.97000,2021-05-18 16:35:59.473
346,B3B3FF35AC,477.96000,2021-01-06 16:35:59.473
347,C6DDE2B289,64.39000,2021-01-31 16:35:59.473
348,3A3BC245F5,7.49000,2021-07-23 16:35:59.473
349,B6CD68FC8F,253.83000,2021-09-05 16:35:59.473
350,313FFD05FF,180.43000,2021-02-13 16:35:59.473
351,F9FF9270E0,5.69000,2021-02-16 16:35:59.473
352,365AFD1389,35.00000,2021-10-07 16:35:59.473
353,0E3083F8E1,59.58000,2022-01-25 16:35:59.473
354,87B6BD9216,46.58000,2022-02-09 16:35:59.473
355,553D24ECFF,222.00000,2021-07-03 16:35:59.473
356,2B35A22C18,150.00000,2021-04-06 16:35:59.473
357,CD2315D43E,58.17000,2021-07-05 16:35:59.473
358,00A2366037,44.55000,2021-12-10 16:35:59.473
359,418D9E2E5C,570.43000,2021-11-08 16:35:59.473
360,9EBF0E9962,5.69000,2022-01-02 16:35:59.473
361,241FC18DA7,30.00000,2022-03-21 16:35:59.473
362,6B537E86BD,13.50000,2021-08-20 16:35:59.473
363,8CD6D9BF74,17.07000,2021-02-25 16:35:59.473
364,21C4FE9191,151.05000,2021-07-12 16:35:59.473
365,0DF6D08512,175.00000,2021-01-07 16:35:59.473
366,E617006EF8,56.90000,2021-12-20 16:35:59.473
367,F075E18F70,271.61000,2021-09-28 16:35:59.473
368,A99FC29374,53.76000,2021-08-28 16:35:59.473
369,F8E807EF9D,125.93000,2021-03-20 16:35:59.473
370,EF7F246648,3.69000,2022-02-09 16:35:59.473
371,6E18DA9090,11.38000,2021-07-25 16:35:59.473
372,870694E2F7,210.00000,2021-06-18 16:35:59.473
373,6A3443AA3A,273.00000,2021-02-15 16:35:59.473
374,58605DE8C2,274.39000,2021-08-25 16:35:59.473
375,F21C57B4FC,5.69000,2021-07-09 16:35:59.473
376,A8BBAD04CF,16.95000,2021-03-31 16:35:59.473
377,6FCD7695D0,241.23000,2021-01-05 16:35:59.473
378,1D1DE69421,20.60000,2021-06-19 16:35:59.473
379,4C384C9AC5,68.20000,2021-01-10 16:35:59.473
380,F397873068,34.41000,2021-06-20 16:35:59.473
381,39A9C2F809,21.96000,2021-03-08 16:35:59.473
382,6242086703,7.98000,2021-12-21 16:35:59.473
383,10D7793B53,209.93000,2021-09-26 16:35:59.473
384,6E43E5DB3F,98.94000,2021-10-21 16:35:59.473
385,5D68CD8D85,78.95000,2021-04-24 16:35:59.473
386,F3A05B9444,115.79000,2022-01-17 16:35:59.473
387,4759C650BD,3.39000,2022-01-13 16:35:59.473
388,578CD5685A,189.03000,2021-04-01 16:35:59.473
389,512EA8DFDD,61.46000,2022-01-19 16:35:59.473
390,A908935201,89.97000,2021-10-13 16:35:59.473
391,5AD2B782C4,94.20000,2021-01-14 16:35:59.473
392,6D50179687,827.04000,2022-01-24 16:35:59.473
393,66EA8377DA,123.09000,2021-10-03 16:35:59.473
394,7D78FB5280,35.32800,2021-05-15 16:35:59.473
395,D73F7D3A3D,70.76000,2021-07-18 16:35:59.473
396,001406BE20,13.98000,2022-01-15 16:35:59.473
397,2DBD2431D0,263.73000,2021-08-01 16:35:59.473
398,858C44BA4E,20.26000,2021-02-22 16:35:59.473
399,DC97CDDD28,9.00000,2021-02-23 16:35:59.473
400,69081A3FE7,121.59000,2021-11-14 16:35:59.473
401,F99FD5B651,222.41000,2021-01-10 16:35:59.473
402,8151C3CFF8,300.82000,2021-10-13 16:35:59.473
403,FD5CAAF4FF,218.03000,2022-01-06 16:35:59.473
404,A65CD8F120,82.19500,2021-04-22 16:35:59.473
405,283DC59DAD,43.50000,2021-12-08 16:35:59.473
406,8D9C33F01A,39.00000,2021-10-09 16:35:59.473
407,FA5C6BB9D6,375.55000,2021-09-05 16:35:59.473
408,257D0085BF,115.25000,2021-08-14 16:35:59.473
409,9B86DBF690,43.45000,2021-05-16 16:35:59.473
410,080900D4A5,53.29000,2021-11-24 16:35:59.473
411,EBC1918E5E,16.47000,2021-08-20 16:35:59.473
412,8258BC7CAA,85.39000,2021-09-28 16:35:59.473
413,D5E6149D37,115.14000,2021-05-15 16:35:59.473
414,92F9B5A40D,13.23000,2022-01-13 16:35:59.473
415,B065F4DBE4,151.83000,2021-11-17 16:35:59.473
416,0E02055842,380.71000,2022-02-05 16:35:59.473
417,12E17483B2,166.68000,2021-08-30 16:35:59.473
418,176C94C91E,50.58000,2021-11-21 16:35:59.473
419,00DC694483,186.22000,2022-02-15 16:35:59.473
420,D772F01980,48.41000,2021-03-27 16:35:59.473
421,D9BE763222,39.83000,2021-02-24 16:35:59.473
422,BF5C251CF5,766.19000,2021-02-13 16:35:59.473
423,A73E686ADF,15.96000,2021-08-11 16:35:59.473
424,B56BC40BCA,852.04000,2021-07-03 16:35:59.473
425,B29627908E,224.80000,2022-01-18 16:35:59.473
426,F1674DF230,53.07000,2021-07-13 16:35:59.473
427,A502925B51,53.47000,2021-12-05 16:35:59.473
428,8ADFAA17A0,302.10000,2021-09-19 16:35:59.473
429,3442901C75,63.45000,2021-01-15 16:35:59.473
430,1BBBECE8F7,62.82000,2021-05-13 16:35:59.473
431,3C6EA529BE,383.62600,2022-01-11 16:35:59.473
432,94273382F2,477.15000,2021-04-26 16:35:59.473
433,79886B5F7A,234.00000,2021-06-29 16:35:59.473
434,8FA1330002,37.14000,2021-06-12 16:35:59.473
435,31A885515C,107.30000,2021-09-02 16:35:59.473
436,CA1247D050,52.03000,2021-03-05 16:35:59.473
437,77D351E33F,37.45000,2021-07-05 16:35:59.473
438,CA4DC26766,383.73000,2021-02-11 16:35:59.473
439,E7FCBCC9BA,279.96000,2022-03-17 16:35:59.473
440,79B0E21635,56.62000,2021-03-15 16:35:59.473
441,2A6E87C2C9,262.83400,2022-03-28 16:35:59.473
442,EF42CDA0DC,146.55800,2022-03-07 16:35:59.473
443,1F305D40BA,190.44000,2021-11-14 16:35:59.473
444,8C2993E7C7,46.58000,2022-01-22 16:35:59.473
445,263166F1DD,77.29000,2022-01-16 16:35:59.473
446,17FDDA7DF4,41.20000,2022-01-09 16:35:59.473
447,79D401D51D,31.16000,2021-03-16 16:35:59.473
448,4D8321B303,279.73000,2021-02-18 16:35:59.473
449,9CF3FB68B9,176.26000,2021-12-17 16:35:59.473
450,1BADFAB6EB,787.85000,2021-02-21 16:35:59.473
451,13317200F5,39.83000,2021-10-24 16:35:59.473
452,F04C0EE382,151.18000,2021-07-26 16:35:59.473
453,F136B54309,209.94000,2021-11-02 16:35:59.473
454,4521FF6C2F,227.89000,2022-03-29 16:35:59.473
455,A47AB5ADBA,65.16000,2022-01-18 16:35:59.473
456,0FFCBFCD51,745.42000,2022-03-03 16:35:59.473
457,738281C481,31.69000,2021-09-04 16:35:59.473
458,639852EB2C,231.23000,2021-09-02 16:35:59.473
459,04D15E86CC,151.14000,2021-09-12 16:35:59.473
460,CD6F1397C8,26.94000,2022-02-26 16:35:59.473
461,93B591BA92,41.20000,2021-02-04 16:35:59.473
462,BA250DACDA,26.34000,2021-02-20 16:35:59.473
463,4A714A26B6,175.00000,2022-02-18 16:35:59.473
464,917A409781,208.01000,2021-02-10 16:35:59.473
465,A439DB1D6A,2.59000,2021-09-08 16:35:59.473
466,2479CC8ED9,73.95000,2021-05-26 16:35:59.473
467,93D16CA454,74.90000,2021-10-30 16:35:59.473
468,A1885C3E7E,51.21000,2021-02-23 16:35:59.473
469,ACAA7997E3,176.94000,2021-06-02 16:35:59.473
470,8B327865D3,66.34000,2021-09-27 16:35:59.473
471,FF9FABFA39,45.00000,2021-07-10 16:35:59.473
472,7306BF8DCE,335.00000,2022-03-24 16:35:59.473
473,BADC0D66FA,59.44000,2021-04-26 16:35:59.473
474,10BC586422,24.61000,2022-02-21 16:35:59.473
475,CA72F3D0DC,37.03000,2022-02-21 16:35:59.473
476,E70D7C9257,211.70000,2021-11-16 16:35:59.473
477,BF3D8E97D3,20.60000,2021-10-10 16:35:59.473
478,43D58DBBA8,15.96000,2021-08-20 16:35:59.473
479,8028C42A7D,36.62300,2021-10-15 16:35:59.473
480,27071B3AC7,35.00000,2022-01-05 16:35:59.473
481,DE25C8C5B7,184.84000,2021-02-08 16:35:59.473
482,A29BA0699E,262.40000,2022-01-11 16:35:59.473
483,89D11EE0FC,107.96000,2021-08-03 16:35:59.473
484,041AF46737,38.43000,2021-04-10 16:35:59.473
485,27405E9B0F,28.45000,2022-01-26 16:35:59.473
486,7EF84B8887,22.14000,2022-01-21 16:35:59.473
487,A266C5C82B,146.94000,2021-02-10 16:35:59.473
488,91228D52CE,26.63400,2021-09-23 16:35:59.473
489,D6DD482B1D,50.95000,2021-02-08 16:35:59.473
490,E32AF3D1B0,253.52000,2021-06-26 16:35:59.473
491,1A965D283F,194.96000,2021-07-17 16:35:59.473
492,F9AC5EF42E,10.98000,2021-05-24 16:35:59.473
493,C387E8DD0A,229.62000,2021-11-05 16:35:59.473
494,26C5A8293C,37.79000,2021-05-24 16:35:59.473
495,F71C3658BB,3.39000,2021-09-12 16:35:59.473
496,7E648F3927,157.45000,2021-01-18 16:35:59.473
497,8B1014B94E,3.69000,2021-07-09 16:35:59.473
498,F20FF58E0C,70.00000,2021-06-11 16:35:59.473
499,6838F7A9B9,114.97000,2021-01-08 16:35:59.473
500,FAE02482DB,17.07000,2021-02-19 16:35:59.473
501,45A74EA8E3,6.58000,2021-01-21 16:35:59.473
502,3FD296528C,93.05000,2021-05-26 16:35:59.473
503,A898C8FB07,122.43000,2021-03-07 16:35:59.473
504,37AB9B66E7,27.06000,2021-02-03 16:35:59.473
505,5D19F48D37,0.93000,2022-01-17 16:35:59.473
506,F81AFE160A,0.62000,2021-03-08 16:35:59.473
507,9D4C9D0F31,31.20000,2021-02-21 16:35:59.473
508,63D2313BC1,191.59000,2022-02-19 16:35:59.473
509,3839F6ED37,126.60000,2022-01-20 16:35:59.473
510,28EECA7702,91.60000,2022-01-12 16:35:59.473
511,18BA8C9FCD,57.52000,2021-10-11 16:35:59.473
512,4AC7490997,313.10000,2021-11-14 16:35:59.473
513,B2FC4B7138,20.94000,2021-08-07 16:35:59.473
514,92BEE55AF2,39.87000,2021-04-17 16:35:59.473
515,D855DA008F,90.26000,2021-09-09 16:35:59.473
516,A7BF31796B,241.47000,2021-11-01 16:35:59.473
517,E7D19E8A81,9.45000,2021-06-07 16:35:59.473
518,E01BF29F71,90.39000,2021-12-11 16:35:59.473
519,5CC132AB6A,34.42000,2021-01-26 16:35:59.473
520,D697C5BE85,103.25000,2021-07-16 16:35:59.473
521,CC23D12F65,204.58000,2022-03-13 16:35:59.473
522,8DCB3BAE75,22.50000,2021-07-09 16:35:59.473
523,DA574F243A,43.68000,2022-03-07 16:35:59.473
524,C1A1AB8330,34.14000,2022-03-24 16:35:59.473
525,2ECC236C93,107.05000,2021-06-14 16:35:59.473
526,AAB25D13A9,162.98000,2021-08-26 16:35:59.473
527,2FCDBD6548,13.56000,2021-08-20 16:35:59.473
528,52C4A536DA,143.23000,2021-09-25 16:35:59.473
529,B535B33217,20.98000,2021-03-12 16:35:59.473
530,1A1ABE784B,248.91000,2021-10-30 16:35:59.473
531,95D245CD77,48.41000,2021-10-29 16:35:59.473
532,036E28B644,940.38000,2022-01-03 16:35:59.473
533,38AB5495CB,185.45000,2021-10-02 16:35:59.473
534,1353C34AF4,469.78000,2021-08-22 16:35:59.473
535,9990A2D653,208.59000,2021-06-05 16:35:59.473
536,7B7C892D0D,100.00000,2021-09-30 16:35:59.473
537,7233EED747,284.54000,2021-09-26 16:35:59.473
538,1483BBA121,168.54000,2021-12-29 16:35:59.473
539,F9053A5754,5.49000,2021-07-09 16:35:59.473
540,F229E9B34C,123.68000,2022-03-22 16:35:59.473
541,96AF5851A7,10.58000,2022-03-30 16:35:59.473
542,7385681512,168.17000,2021-06-17 16:35:59.473
543,2D96D5A040,56.61500,2021-05-05 16:35:59.473
544,482E0380B7,7.38000,2022-03-20 16:35:59.473
545,1ADBCFE202,149.95000,2022-01-02 16:35:59.473
546,341FF9D0A0,96.84000,2021-02-15 16:35:59.473
547,069108C68C,475.00000,2021-07-22 16:35:59.473
548,A4D131D8D6,68.91000,2021-01-13 16:35:59.473
549,3DC6712003,6.58000,2022-03-28 16:35:59.473
550,9D3A6D86A5,241.08000,2021-10-05 16:35:59.473
551,1D6D7ABBEC,38.46000,2021-04-21 16:35:59.473
552,9A0D26EE95,39.00000,2021-03-11 16:35:59.473
553,7580C329A0,128.60000,2021-08-31 16:35:59.473
554,7BAABE795E,62.67000,2021-09-14 16:35:59.473
555,D8AB422C09,252.24000,2021-05-01 16:35:59.473
556,A2170045C9,166.50000,2021-03-15 16:35:59.473
557,4338657CD3,230.28000,2021-04-26 16:35:59.473
558,6B05742FD6,198.07000,2021-04-09 16:35:59.473
559,6631156024,44.80000,2021-05-20 16:35:59.473
560,7D851122E7,1.55000,2022-01-18 16:35:59.473
561,BD33C98F1D,54.05000,2022-02-11 16:35:59.473
562,5908F0CE57,126.34000,2022-01-31 16:35:59.473
563,DCAAF708ED,103.26000,2022-02-04 16:35:59.473
564,0F1E119440,437.93000,2022-01-04 16:35:59.473
565,94E05A5C34,206.52000,2021-06-26 16:35:59.473
566,FAE6572EBF,128.13000,2021-02-12 16:35:59.473
567,E21A64A5CE,15.00000,2022-02-06 16:35:59.473
568,74AB98CC40,48.93000,2021-06-25 16:35:59.473
569,F195546932,118.57000,2021-05-26 16:35:59.473
570,2C1A731002,323.00000,2021-10-16 16:35:59.473
571,F2EEBA4756,63.72000,2022-01-24 16:35:59.473
572,B891D40EBA,10.58000,2021-08-12 16:35:59.473
573,F451E3EE30,116.35000,2021-01-12 16:35:59.473
574,E0F899DFF5,22.20000,2021-09-08 16:35:59.473
575,ABC29B2FAD,228.98000,2021-02-27 16:35:59.473
576,AB44856668,77.69000,2021-05-09 16:35:59.473
577,630B2D4902,222.00000,2021-01-17 16:35:59.473
578,563C68F320,243.46000,2022-01-03 16:35:59.473
579,B8637D7553,37.00000,2022-03-01 16:35:59.473
580,34E8A71373,276.76000,2021-06-05 16:35:59.473
581,FCCF137212,15.00000,2022-03-19 16:35:59.473
582,23620F26F7,160.20000,2022-02-10 16:35:59.473
583,6F63CC8854,91.39000,2021-10-04 16:35:59.473
584,2CF12F3684,16.45000,2022-01-04 16:35:59.473
585,1AE96DA4FC,61.80000,2021-11-09 16:35:59.473
586,B50BBF466E,285.39000,2021-08-08 16:35:59.473
587,ABF46495FD,8.98000,2022-02-14 16:35:59.473
588,DC955D0486,78.89000,2021-11-10 16:35:59.473
589,5E01BFF816,30.61000,2021-02-06 16:35:59.473
590,F92B724A8C,496.40000,2021-03-05 16:35:59.473
591,57202FD7E2,97.63000,2022-02-27 16:35:59.473
592,B5D4D21E6A,82.35000,2022-01-17 16:35:59.473
593,3B1EE3601D,11.10000,2021-12-02 16:35:59.473
594,0666E65282,15.87000,2021-01-10 16:35:59.473
595,81FEA8D88F,230.43000,2022-03-26 16:35:59.473
596,4D6437BA8B,29.70000,2021-09-23 16:35:59.473
597,779E558ACF,56.90000,2021-12-18 16:35:59.473
598,A8E2B250B7,40.47000,2022-01-06 16:35:59.473
599,D46D6D789A,61.22000,2021-10-13 16:35:59.473
600,2B39ADDC23,9.87000,2021-12-03 16:35:59.473
601,9C7B986CEF,161.94000,2021-01-10 16:35:59.473
602,33C2859240,39.83000,2022-03-11 16:35:59.473
603,1D42A4271D,11.97000,2021-11-17 16:35:59.473
604,2738F30AE3,32.63000,2021-12-24 16:35:59.473
605,B98F2276B0,416.15000,2021-12-25 16:35:59.473
606,0DB14B7B70,5.29000,2022-02-07 16:35:59.473
607,ED8C05D2F0,70.53000,2021-06-09 16:35:59.473
608,3068662FB7,24.51000,2021-02-14 16:35:59.473
609,F963B69FA6,55.83000,2021-05-28 16:35:59.473
610,70204691DB,80.28000,2021-05-24 16:35:59.473
611,321B6ADE52,249.86000,2021-05-03 16:35:59.473
612,5BE11C34D6,107.03000,2021-09-19 16:35:59.473
613,6B73B6ED87,372.60000,2021-06-22 16:35:59.473
614,5F194C7D31,283.38000,2022-01-14 16:35:59.473
615,D4E36D47A5,22.19500,2022-02-25 16:35:59.473
616,C0626B04EC,438.89000,2022-01-08 16:35:59.473
617,F9E8067A8F,36.11000,2021-12-01 16:35:59.473
618,E509E6C8B3,22.19500,2022-03-25 16:35:59.473
619,5860A17A0E,111.69000,2021-10-04 16:35:59.473
620,BB0ED4753A,46.24000,2021-08-15 16:35:59.473
621,D04B480FBC,17.97000,2021-11-15 16:35:59.473
622,93E3B2155F,15.87000,2022-01-24 16:35:59.473
623,DB107EBE3C,156.44700,2021-11-11 16:35:59.473
624,B564ECBF1F,89.59000,2021-06-11 16:35:59.473
625,F817853D16,93.16000,2021-10-21 16:35:59.473
626,11FBB785EB,26.25000,2021-11-14 16:35:59.473
627,FC34B1F4F5,487.40000,2021-07-22 16:35:59.473
628,ED7C102557,50.95000,2021-01-12 16:35:59.473
629,B78D132970,22.25000,2021-05-08 16:35:59.473
630,011F2CD807,49.70000,2021-10-07 16:35:59.473
631,E725813507,78.93000,2022-01-18 16:35:59.473
632,874D466CA4,47.39000,2021-10-11 16:35:59.473
633,5CFD1F29ED,205.73000,2021-11-28 16:35:59.473
634,7C08DDA2EB,63.88000,2021-12-04 16:35:59.473
635,088A2FB321,20.60000,2021-11-20 16:35:59.473
636,5F6CB1CE12,258.32000,2021-03-23 16:35:59.473
637,71971DC183,61.23000,2022-03-27 16:35:59.473
638,8974D6F41C,982.72000,2021-08-20 16:35:59.473
639,D878CFCDF8,31.74000,2021-07-06 16:35:59.473
640,98970EF7BB,38.94000,2021-10-04 16:35:59.473
641,812032D468,146.03000,2021-08-21 16:35:59.473
642,21110ECB13,51.17000,2022-02-25 16:35:59.473
643,CB45D9B5CF,44.94000,2022-02-27 16:35:59.473
644,880E1EFCBD,85.64000,2021-10-30 16:35:59.473
645,D3AD5C4EB7,455.83000,2021-01-15 16:35:59.473
646,AF9802EC1C,111.63000,2021-03-29 16:35:59.473
647,19878EB11B,40.47000,2021-09-28 16:35:59.473
648,A49988B520,11.48000,2021-10-16 16:35:59.473
649,1C64D1879F,119.72000,2021-04-17 16:35:59.473
650,DF4A6284AA,15.96000,2022-02-17 16:35:59.473
651,B001E06674,338.85000,2021-02-19 16:35:59.473
652,27BE8A0370,27.76000,2021-09-23 16:35:59.473
653,784D63AC0A,15.00000,2021-10-26 16:35:59.473
654,941B8CC574,204.77000,2022-03-25 16:35:59.473
655,7EDAD43B4A,56.94000,2021-10-19 16:35:59.473
656,DB25BBB25C,67.14500,2021-08-31 16:35:59.473
657,451C0194BC,188.02000,2021-08-14 16:35:59.473
658,B424BBBC90,39.57000,2021-02-24 16:35:59.473
659,5CA8482F81,9.00000,2021-05-24 16:35:59.473
660,04B44DB13D,260.81000,2021-09-15 16:35:59.473
661,81E4851904,374.68000,2022-03-01 16:35:59.473
662,5FDEADFC02,673.53000,2021-05-27 16:35:59.473
663,08F732F76B,446.65000,2021-01-21 16:35:59.473
664,B248F7B9D2,152.24000,2021-10-31 16:35:59.473
665,019AA5C8DB,53.97000,2021-09-26 16:35:59.473
666,0EAB6E7296,186.25000,2022-03-01 16:35:59.473
667,B4A06A85C4,14.56000,2021-08-19 16:35:59.473
668,3FEF1A1A99,148.63900,2021-09-01 16:35:59.473
669,5795975902,52.38000,2021-10-13 16:35:59.473
670,F884722269,59.14000,2021-02-20 16:35:59.473
671,62789F91B0,14.35000,2022-01-19 16:35:59.473
672,77AD2BDB86,95.94000,2021-01-10 16:35:59.473
673,650374C3AE,41.75700,2021-12-15 16:35:59.473
674,318428392A,15.54000,2021-02-02 16:35:59.473
675,9ABCFDB1EE,23.29000,2021-10-07 16:35:59.473
676,DF590193DE,5.99000,2021-07-11 16:35:59.473
677,16DB7E0D28,41.94000,2021-04-01 16:35:59.473
678,18B606CE8A,17.46000,2021-02-02 16:35:59.473
679,B3B8D5D54A,88.80000,2022-01-20 16:35:59.473
680,D21A2BE9AE,204.80000,2022-01-23 16:35:59.473
681,FA785EA96E,64.86000,2021-02-12 16:35:59.473
682,649F7D4083,75.87000,2022-01-02 16:35:59.473
683,1FBF62E736,30.30000,2021-02-19 16:35:59.473
684,39D887186F,3.39000,2021-09-25 16:35:59.473
685,7ABE0F97D8,679.61000,2021-04-25 16:35:59.473
686,56509E2817,39.21000,2021-08-17 16:35:59.473
687,D8DA911711,523.93000,2021-07-26 16:35:59.473
688,7F4F0C4C14,107.96000,2022-03-17 16:35:59.473
689,1C59EC91AE,3.75000,2021-09-03 16:35:59.473
690,1A8368C7E3,21.16000,2021-12-11 16:35:59.473
691,7617BCD842,50.90000,2021-06-09 16:35:59.473
692,21EB4B0ABD,206.83000,2021-06-17 16:35:59.473
693,AAF5478D5C,33.52000,2021-03-31 16:35:59.473
694,D8807BC205,11.38000,2021-10-18 16:35:59.473
695,A6E7047CE2,244.18000,2021-02-08 16:35:59.473
696,CB780E03D8,35.38000,2021-11-12 16:35:59.473
697,72A6E9D4E6,217.50000,2021-09-30 16:35:59.473
698,ED782632FD,15.00000,2021-03-06 16:35:59.473
699,9CB57DFC7C,243.90000,2021-11-09 16:35:59.473
700,8EB73E2CBF,484.40000,2021-02-02 16:35:59.473
701,080D72E0CC,22.76000,2021-09-30 16:35:59.473
702,6B09EBAE84,22.76000,2021-11-03 16:35:59.473
703,797D912662,10.58000,2021-07-14 16:35:59.473
704,7858BE2940,145.73000,2021-05-19 16:35:59.473
705,BB234C1695,405.04000,2021-06-24 16:35:59.473
706,7A08A11593,66.02300,2021-07-16 16:35:59.473
707,04556F969D,5.67000,2021-02-21 16:35:59.473
708,75A0FD7FC1,183.75000,2021-12-06 16:35:59.473
709,FE51BD78A1,787.85000,2021-01-15 16:35:59.473
710,8B75339CFC,49.87000,2021-05-29 16:35:59.473
711,991691D83D,44.94000,2021-07-21 16:35:59.473
712,63B38B3F04,459.20000,2021-08-26 16:35:59.473
713,CB2F84CB3B,11.46000,2021-07-16 16:35:59.473
714,57D3468790,53.21000,2021-02-21 16:35:59.473
715,5554E281DB,28.45000,2021-06-03 16:35:59.473
716,DD6E52810D,473.66000,2021-05-15 16:35:59.473
717,A726881000,78.00000,2021-11-20 16:35:59.473
718,FBFDB71128,120.00000,2021-06-18 16:35:59.473
719,E232BFD625,160.55000,2021-09-01 16:35:59.473
720,B6D32D0A90,288.36000,2021-09-10 16:35:59.473
721,743AB8ED8B,41.13000,2021-05-03 16:35:59.473
722,19565B87F2,179.57000,2021-05-28 16:35:59.473
723,627C72C3E2,280.81000,2021-06-18 16:35:59.473
724,C3E8F04D4C,36.39000,2022-01-12 16:35:59.473
725,702A2ED144,219.43000,2021-08-30 16:35:59.473
726,1849529EB9,123.60000,2021-04-21 16:35:59.473
727,7B6397040C,45.00000,2021-02-15 16:35:59.473
728,EB9AF55B93,30.00000,2021-08-18 16:35:59.473
729,04D29DA887,79.06400,2021-09-17 16:35:59.473
730,02733B0470,102.24000,2021-07-05 16:35:59.473
731,8906660137,67.99000,2021-09-23 16:35:59.473
732,4F834529DE,830.57000,2021-08-10 16:35:59.473
733,1707E48BE1,272.41000,2021-05-03 16:35:59.473
734,861936A328,219.55000,2021-10-04 16:35:59.473
735,985A7D445A,347.04000,2021-06-06 16:35:59.473
736,9BCB2CF584,101.95000,2021-01-27 16:35:59.473
737,414C4897FA,169.98000,2021-09-02 16:35:59.473
738,2B4DC37DB8,150.59000,2021-02-07 16:35:59.473
739,7D283D008E,246.44000,2021-06-22 16:35:59.473
740,2DD07F938A,18.45000,2021-11-09 16:35:59.473
741,B969D73C15,46.44000,2022-03-28 16:35:59.473
742,39A65AC2E7,155.44000,2021-12-31 16:35:59.473
743,1E4C372A8A,22.76000,2021-02-14 16:35:59.473
744,672EA29183,134.95000,2022-01-18 16:35:59.473
745,9E45C12805,5.69000,2022-03-03 16:35:59.473
746,7FCB41E9ED,8.87800,2021-05-05 16:35:59.473
747,5F53ED259D,44.54000,2022-01-10 16:35:59.473
748,04B83C33CC,454.30000,2021-02-16 16:35:59.473
749,02257400BF,54.60000,2022-02-27 16:35:59.473
750,18AA043250,23.70000,2021-11-24 16:35:59.473
751,6D3354D35C,444.00000,2021-04-11 16:35:59.473
752,303B71A8B2,5.69000,2021-07-09 16:35:59.473
753,255D0A8614,337.65000,2021-06-01 16:35:59.473
754,31A9A1A068,478.28000,2021-02-07 16:35:59.473
755,8C0022BCF6,46.83000,2021-02-27 16:35:59.473
756,0C4B9031D0,104.76000,2021-04-09 16:35:59.473
757,A551BA2F2B,51.59000,2021-11-04 16:35:59.473
758,F8E3520B6F,264.72000,2022-04-01 16:35:59.473
759,AE3DCAA379,228.75000,2021-04-05 16:35:59.473
760,CAFCA475F7,126.10000,2022-01-11 16:35:59.473
761,E6BDD9D642,11.38000,2021-11-17 16:35:59.473
762,35A4D880D6,25.83000,2021-08-01 16:35:59.473
763,6116AF2C47,172.98000,2021-07-10 16:35:59.473
764,0A86A4B7D3,73.52000,2022-03-15 16:35:59.473
765,1A7C34ECF5,130.01000,2021-11-30 16:35:59.473
766,ED839DEA8B,34.48000,2022-03-19 16:35:59.473
767,88C788385F,719.70000,2021-02-17 16:35:59.473
768,55FAE41424,245.00000,2021-04-09 16:35:59.473
769,15114429F7,195.00000,2021-09-08 16:35:59.473
770,630E3F913B,298.68000,2021-08-28 16:35:59.473
771,9EDC471524,33.57000,2022-02-21 16:35:59.473
772,70A2270830,11.38000,2021-12-26 16:35:59.473
773,C521BE1B95,252.00000,2022-01-16 16:35:59.473
774,B5935F1AC8,384.24000,2021-04-16 16:35:59.473
775,F2567C60DF,9.45000,2022-01-29 16:35:59.473
776,04D1FBCDB6,6.78000,2021-08-06 16:35:59.473
777,0BFE8D338F,120.98000,2021-12-21 16:35:59.473
778,419C2AE8E9,61.74000,2021-08-22 16:35:59.473
779,35CF5677F1,562.75000,2022-01-19 16:35:59.473
780,A910529EA1,254.60000,2022-02-23 16:35:59.473
781,8E2A124C16,209.14000,2021-09-09 16:35:59.473
782,CBD3C55446,160.92000,2021-06-26 16:35:59.473
783,270FC8199E,417.25000,2022-01-28 16:35:59.473
784,1609511633,99.81000,2021-10-08 16:35:59.473
785,698DD6AF05,89.98000,2021-03-09 16:35:59.473
786,196D64A16F,5.49000,2021-02-11 16:35:59.473
787,0231957504,21.65000,2022-02-28 16:35:59.473
788,935E348A59,227.85000,2021-03-23 16:35:59.473
789,8BF03B559A,302.84000,2021-03-21 16:35:59.473
790,523FBC5FA3,183.53000,2021-07-09 16:35:59.473
791,5D53940624,312.52000,2021-02-13 16:35:59.473
792,CBFB4F3305,172.20000,2022-01-10 16:35:59.473
793,6A2C550DEE,284.51000,2021-05-11 16:35:59.473
794,2EBBEF4C77,9.45000,2021-03-11 16:35:59.473
795,83CE7F4F95,79.67000,2021-03-14 16:35:59.473
796,86D9F063B7,384.38000,2021-12-04 16:35:59.473
797,FE804FD6DA,25.83000,2021-07-20 16:35:59.473
798,EA9E7D09A3,100.00000,2022-03-13 16:35:59.473
799,BC4ACC0A37,523.63000,2022-03-16 16:35:59.473
800,8231F3E211,11.65000,2021-05-08 16:35:59.473
801,28A23C9B09,341.47000,2021-10-04 16:35:59.473
802,6B6956295E,33.18000,2022-02-07 16:35:59.473
803,589C034EC2,34.74000,2022-03-30 16:35:59.473
804,A15AE9CEC0,106.83000,2021-11-10 16:35:59.473
805,B69DA7AD9E,326.21000,2021-03-03 16:35:59.473
806,F48D0A44A3,20.98000,2022-03-26 16:35:59.473
807,0E8FEA76C7,22.76000,2022-03-15 16:35:59.473
808,5F3FD325E4,142.28000,2021-08-04 16:35:59.473
809,B1830696B4,14.98000,2021-02-27 16:35:59.473
810,7CB9FAD6C0,277.74000,2021-06-22 16:35:59.473
811,915EEB908D,20.97000,2021-09-14 16:35:59.473
812,008DF0AC73,303.94000,2021-03-26 16:35:59.473
813,1634A072DF,26.36000,2021-12-21 16:35:59.473
814,431515B525,548.06000,2022-03-15 16:35:59.473
815,CFC95C0A33,444.79000,2021-12-13 16:35:59.473
816,5C91638580,39.29000,2021-11-18 16:35:59.473
817,73E7A08283,206.68000,2022-01-07 16:35:59.473
818,9C48ABBA66,236.17000,2022-01-24 16:35:59.473
819,D912BA825D,207.02000,2021-11-10 16:35:59.473
820,42892A61AC,22.76000,2021-12-16 16:35:59.473
821,4FA5C41B9B,111.00000,2021-01-26 16:35:59.473
822,0A7BA94E14,140.34000,2021-12-07 16:35:59.473
823,FAAB1F7CF5,166.43000,2021-01-02 16:35:59.473
824,361F683727,173.85000,2021-07-14 16:35:59.473
825,983B776B81,53.04000,2021-03-01 16:35:59.473
826,60DB670536,3.99000,2021-08-27 16:35:59.473
827,001AF20867,96.67000,2021-09-06 16:35:59.473
828,06BEDF9255,25.83000,2021-03-13 16:35:59.473
829,2C587395DD,51.77000,2021-09-20 16:35:59.473
830,057D22FC0E,92.37000,2021-01-05 16:35:59.473
831,8BB90DD453,53.07000,2021-01-13 16:35:59.473
832,E64E2FD3C3,92.89000,2021-03-15 16:35:59.473
833,1A4766DC83,29.79000,2021-07-29 16:35:59.473
834,3F4BD147D6,70.40000,2021-11-07 16:35:59.473
835,6DA9D103D5,27.45000,2021-11-18 16:35:59.473
836,6B01C9799F,280.35000,2021-08-26 16:35:59.473
837,831B349823,60.38000,2021-07-29 16:35:59.473
838,D05581E34B,86.91000,2021-12-04 16:35:59.473
839,EBAF318F96,7.38000,2021-10-10 16:35:59.473
840,AB6910BB31,81.80000,2021-03-14 16:35:59.473
841,954A0991CA,38.88000,2021-03-18 16:35:59.473
842,4B52D7329D,48.09000,2021-01-24 16:35:59.473
843,B47E92B629,125.12700,2021-04-14 16:35:59.473
844,3EAA909E31,72.21000,2021-10-20 16:35:59.473
845,2E792B224A,212.45000,2021-03-06 16:35:59.473
846,C42CA62EA9,103.26000,2021-05-22 16:35:59.473
847,73B591727F,168.20000,2022-03-24 16:35:59.473
848,C67517095F,89.97000,2022-01-30 16:35:59.473
849,0C73796E26,150.08000,2022-01-16 16:35:59.473
850,80B46329BA,17.97000,2021-05-26 16:35:59.473
851,3B5F577477,356.49000,2021-06-10 16:35:59.473
852,EB5BB854C7,225.00000,2021-06-08 16:35:59.473
853,46BB768365,45.00000,2021-06-13 16:35:59.473
854,4D46A69A39,18.98000,2022-03-25 16:35:59.473
855,B0AE77F634,3.99000,2021-12-12 16:35:59.473
856,1AD539601D,31.68000,2022-01-20 16:35:59.473
857,CDDA7E46E1,14.76000,2022-02-25 16:35:59.473
858,B3C6CBB180,207.27000,2021-10-15 16:35:59.473
859,BF2F92EDCB,32.55000,2021-10-07 16:35:59.473
860,D8A18EB58D,129.12000,2021-12-22 16:35:59.473
861,2DE24DB3EE,293.56000,2021-12-15 16:35:59.473
862,49A5C58D59,34.65000,2021-06-21 16:35:59.473
863,E63DB42232,124.86000,2021-11-12 16:35:59.473
864,0C6AFE97BB,38.43000,2022-02-22 16:35:59.473
865,C24C9DCD2B,260.85000,2021-04-30 16:35:59.473
866,BEA847CC63,35.49000,2021-06-04 16:35:59.473
867,347823F9CB,53.07000,2021-03-24 16:35:59.473
868,88CC5F0ED6,19.44000,2021-10-08 16:35:59.473
869,F1C5ABA4DB,180.00000,2021-02-01 16:35:59.473
870,BF274857BA,153.99000,2021-04-22 16:35:59.473
871,8805F2F631,370.00000,2021-05-03 16:35:59.473
872,27D9856A35,112.00000,2021-11-17 16:35:59.473
873,4E857F2861,192.44000,2021-06-08 16:35:59.473
874,4818CAC366,2.59000,2021-07-31 16:35:59.473
875,2283F0DB92,101.36000,2021-01-26 16:35:59.473
876,C50683C7B1,46.95000,2021-01-10 16:35:59.473
877,44FC43091F,292.75000,2021-02-28 16:35:59.473
878,1EE4B5A0FC,9.00000,2022-01-18 16:35:59.473
879,5C869B5EDF,17.07000,2021-12-30 16:35:59.473
880,54888B10F8,120.00000,2021-11-25 16:35:59.473
881,679E84738A,7.98000,2021-10-21 16:35:59.473
882,D70489E421,126.07000,2021-02-16 16:35:59.473
883,0D611EC668,7.98000,2021-08-10 16:35:59.473
884,197DD88A05,41.20000,2021-09-18 16:35:59.473
885,F96631093D,453.80000,2021-12-03 16:35:59.473
886,BD14D63A61,29.96000,2021-06-21 16:35:59.473
887,80E89C5C3B,518.00000,2022-03-30 16:35:59.473
888,50E7388387,54.87400,2022-03-17 16:35:59.473
889,1F6A5DF817,160.41000,2022-01-05 16:35:59.473
890,E22C7299D2,79.30000,2021-06-19 16:35:59.473
891,05ACA6653A,23.40000,2021-01-30 16:35:59.473
892,20F3418E34,15.87000,2021-05-16 16:35:59.473
893,76B44AD331,61.80000,2021-01-30 16:35:59.473
894,32DF3EF740,59.10000,2021-12-08 16:35:59.473
895,136ABF2DB4,6.89000,2021-10-03 16:35:59.473
896,AA0EB162C2,27.69000,2021-01-14 16:35:59.473
897,5A5E7826AF,204.97000,2021-07-01 16:35:59.473
898,ECD5E0BD7F,163.03000,2021-08-24 16:35:59.473
899,253368CC21,11.38000,2021-08-02 16:35:59.473
900,F399E79165,28.76000,2022-03-01 16:35:59.473
901,0FAF003CD5,80.36000,2021-07-26 16:35:59.473
902,633BF43D5E,28.82600,2021-11-29 16:35:59.473
903,2F5E127968,52.50000,2022-02-02 16:35:59.473
904,F5AEB15FB2,310.80000,2021-10-01 16:35:59.473
905,2317B86E1B,248.04000,2021-02-28 16:35:59.473
906,24E5CB1F08,160.10000,2021-07-16 16:35:59.473
907,CA8FEEDDEE,227.69000,2021-07-28 16:35:59.473
908,5B715BDAA4,0.31000,2021-03-01 16:35:59.473
909,C9B8D70400,39.00000,2021-11-24 16:35:59.473
910,E1B193740D,437.34000,2022-03-26 16:35:59.473
911,8E490C398F,286.93000,2021-05-11 16:35:59.473
912,3CDC7EE632,16.25800,2022-03-28 16:35:59.473
913,60F0CF655C,237.68000,2021-01-20 16:35:59.473
914,EC81D8D876,13.94000,2021-02-03 16:35:59.473
915,99B834B7C2,197.93000,2022-01-18 16:35:59.473
916,4C8BB510DF,7.15000,2021-10-31 16:35:59.473
917,E74951D763,520.00000,2021-10-16 16:35:59.473
918,BB900C9633,46.67000,2021-07-21 16:35:59.473
919,5EE28EF0C9,351.56000,2021-11-30 16:35:59.473
920,E8E37B4C3D,6.58000,2021-02-14 16:35:59.473
921,81B42002D9,5.29000,2022-03-12 16:35:59.473
922,812E7E0AEC,34.14000,2021-06-20 16:35:59.473
923,38DCD21341,264.69000,2021-08-01 16:35:59.473
924,7D3C8BBA7B,31.43000,2021-03-04 16:35:59.473
925,2131775017,3.39000,2021-06-25 16:35:59.473
926,3A98F1E8AC,29.37000,2022-01-06 16:35:59.473
927,7EEBA1DA05,177.03000,2021-04-06 16:35:59.473
928,9A31B74CB9,34.14000,2022-01-28 16:35:59.473
929,4DE578129E,11.97000,2021-02-25 16:35:59.473
930,A864FD9F2C,204.03000,2021-08-21 16:35:59.473
931,01349DEFC6,29.95000,2022-03-24 16:35:59.473
932,41995A691D,58.24000,2021-08-27 16:35:59.473
933,C475B130BC,489.93000,2021-11-06 16:35:59.473
934,5C9C264D4A,31.20000,2022-02-05 16:35:59.473
935,90DA4DD348,315.60000,2021-09-29 16:35:59.473
936,63FC82B708,103.26000,2021-08-12 16:35:59.473
937,B3A1B62904,25.05000,2021-04-30 16:35:59.473
938,C518719414,39.83000,2021-10-12 16:35:59.473
939,906340B9F8,6.58000,2021-02-06 16:35:59.473
940,65D018F0F0,886.54000,2021-06-02 16:35:59.473
941,3BFFB8DF75,3.29000,2022-01-03 16:35:59.473
942,3A98C18664,300.27000,2021-03-19 16:35:59.473
943,1F61552C1F,742.99000,2022-01-13 16:35:59.473
944,162AF6B7A5,249.25000,2021-11-27 16:35:59.473
945,2FCF4FDE6C,75.83000,2021-04-26 16:35:59.473
946,15AB916FB5,124.85000,2022-01-08 16:35:59.473
947,E9CCA14028,37.38000,2021-01-27 16:35:59.473
948,528CBEC2C5,344.00000,2021-11-05 16:35:59.473
949,41CEC67CD5,145.46000,2021-01-31 16:35:59.473
950,555856243B,518.00000,2021-07-03 16:35:59.473
951,02D8B9055E,22.20000,2022-03-31 16:35:59.473
952,0B4EB0A8F9,674.80000,2022-02-07 16:35:59.473
953,1E83F2DAEC,97.65000,2022-02-16 16:35:59.473
954,AA60D60F87,302.99000,2021-11-09 16:35:59.473
955,0F5AEF47E8,82.40000,2021-03-11 16:35:59.473
956,3B7C055447,225.60000,2021-11-30 16:35:59.473
957,F666B5B0F1,6.58000,2021-09-15 16:35:59.473
958,7DD048C6A1,31.43000,2021-07-27 16:35:59.473
959,354C2E1FB3,116.19000,2022-02-01 16:35:59.473
960,49749D45C4,3.78000,2021-12-10 16:35:59.473
961,1E66E1A4E4,46.43000,2021-09-10 16:35:59.473
962,5A10B0531C,195.00000,2021-06-08 16:35:59.473
963,BD4EB16EDA,55.80000,2021-05-22 16:35:59.473
964,5D340A9AB1,57.03000,2021-12-07 16:35:59.473
965,F18E17FBD9,847.52000,2021-04-13 16:35:59.473
966,69F078D936,26.98000,2021-03-04 16:35:59.473
967,4462D7D67E,53.90000,2021-12-11 16:35:59.473
968,492469DF86,13.98000,2022-01-24 16:35:59.473
969,BBB6DE7A2F,28.49400,2021-03-04 16:35:59.473
970,251736B933,62.94000,2021-01-24 16:35:59.473
971,C78A86F238,395.51000,2021-02-12 16:35:59.473
972,AFCA52B881,952.85000,2021-02-01 16:35:59.473
973,CB6537A623,14.22000,2021-09-20 16:35:59.473
974,DF803CBCC4,215.27700,2021-11-04 16:35:59.473
975,26C5DDA926,267.76000,2022-02-20 16:35:59.473
976,D464ABC3B1,10.36000,2021-04-17 16:35:59.473
977,626C14B977,122.10000,2021-07-01 16:35:59.473
978,F3DF62D6CB,28.69000,2021-12-31 16:35:59.473
979,C29D08577B,7.50000,2021-01-12 16:35:59.473
980,DAFD547D35,148.00000,2021-07-16 16:35:59.473
981,8630F40C52,132.45000,2021-01-27 16:35:59.473
982,6E0DA6A3A7,518.00000,2021-06-29 16:35:59.473
983,8E5AB3DB9A,105.00000,2021-01-21 16:35:59.473
984,42819155DA,36.81000,2021-08-10 16:35:59.473
985,FC7CB9D43F,138.14000,2021-10-21 16:35:59.473
986,6E670C0D63,682.90000,2021-02-15 16:35:59.473
987,0C21EF6458,131.66000,2021-01-18 16:35:59.473
988,D909FB9747,203.45000,2021-05-05 16:35:59.473
989,7395217C97,137.68000,2022-03-20 16:35:59.473
990,8599FD6F35,132.05000,2021-07-26 16:35:59.473
991,E80828A4A5,17.07000,2021-09-30 16:35:59.473
992,FAE293B2B9,230.20000,2021-06-07 16:35:59.473
993,CD9FC06667,336.63000,2021-11-26 16:35:59.473
994,D38A71484D,60.00000,2022-01-22 16:35:59.473
995,7A29420B2D,50.18000,2021-06-22 16:35:59.473
996,F939925E08,27.56000,2021-03-15 16:35:59.473
997,ED72BC726C,14.98000,2021-05-17 16:35:59.473
998,E1BDA6C5E9,102.07000,2021-03-27 16:35:59.473
999,8FEFC8D831,73.98000,2021-06-07 16:35:59.473
1000,5A51B83C61,351.63000,2022-02-21 16:35:59.473
